form0,form0x
13035.1678755207,13017.1229125968
