form0,form0x
13035.0864812281,13017.7739607327
