form0,form0x
13044.0100705263,13024.9962174232
