form0,form0x
13042.8928227306,13025.225784083
