rn,dic,waic,cpo
joint.1,8177.66545922286,8190.52558770788,4096.51325853171
joint.shared.1,8179.25206966783,8190.70855296771,4096.58272288881
shared.only.1,8176.75360280284,8189.57347499682,4096.01984281134
separate.1,8177.95343938275,8190.40451929893,4096.43949278888
joint.2,4845.31625598284,4843.88571851875,2090.325180633
joint.shared.2,4845.3609624779,4844.67331197795,2083.43955881981
shared.only.2,4844.8830034733,4843.78248732589,2087.58671411503
separate.11,4846.30818047132,4844.12541036846,2089.09629637362
