rn,dic,waic,cpo
joint.1,6865.33873214875,6873.01282877979,3438.24777229927
joint.shared.1,6864.64665629574,6871.01881757715,3437.16636818704
shared.only.1,6863.68524645253,6870.59954408309,3436.97257780343
separate.1,6862.99010321885,6870.87002295912,3436.7600148924
joint.2,4062.12100782027,4058.10315388206,1580.67534721164
joint.shared.2,4061.14306055592,4056.38478538869,1509.30372341204
shared.only.2,4244.05932101985,4242.74220481083,2113.68735716353
separate.11,4061.80912945955,4057.68599971593,1579.9022126423
