form0,form0x,form1,form1x,form2,form2x
10929.7664072602,10917.5825652978,10936.6344580038,10926.2308714542,10924.1197579809,10916.5792518203
