form0,form0x,form1,form1x,form2,form2x
10929.5023854868,10917.8886421098,10932.7985727751,10926.9499682824,10925.1099298891,10917.0841113061
