form0,form0x,form1,form1x,form2,form2x
13034.9462337753,13016.9425026607,13041.9155345403,13029.9102526317,13028.698892627,13013.9389164884
