form0,form0x,form1,form1x,form2,form2x
13043.8619510155,13025.9241405968,13052.3310436756,13037.8647902384,13036.8191398156,13021.5334107487
