form0,form0x,form1,form1x,form2,form2x
10929.4374146995,10916.9263984959,10939.4535560193,10928.6676344257,10923.6542249142,10913.1034652408
